{"cameraMode":{"drawMode":0,"name":"Shaded","section":"Shading Mode"},"sceneLighting":true,"audioPlay":false,"sceneViewState":{"showFog":true,"showMaterialUpdate":true,"showSkybox":true,"showFlares":true,"showImageEffects":true,"showParticleSystems":true},"in2DMode":false,"pivot":{"x":1.981706142425537,"y":-0.4171323776245117,"z":10.301403045654297},"rotation":{"x":-0.13810817897319795,"y":-0.06976335495710373,"z":0.009754876606166363,"w":-0.9879089593887329},"size":18.130897521972658,"orthographic":false}